{"_format":"","paths":{"artifacts":"out","build_infos":"out/build-info","sources":"src","tests":"test","scripts":"script","libraries":["lib"]},"files":{"lib/forge-std/src/Base.sol":{"lastModificationDate":1742767733503,"contentHash":"ee13c050b1914464f1d3f90cde90204b","sourceName":"lib/forge-std/src/Base.sol","imports":["lib/forge-std/src/StdStorage.sol","lib/forge-std/src/Vm.sol"],"versionRequirement":">=0.6.2, <0.9.0","artifacts":{"CommonBase":{"0.8.28":{"default":{"path":"Base.sol\\CommonBase.json","build_id":"e0136c438dc62aa8ff691f197565f9d6"}}},"ScriptBase":{"0.8.28":{"default":{"path":"Base.sol\\ScriptBase.json","build_id":"e0136c438dc62aa8ff691f197565f9d6"}}},"TestBase":{"0.8.28":{"default":{"path":"Base.sol\\TestBase.json","build_id":"e0136c438dc62aa8ff691f197565f9d6"}}}},"seenByCompiler":true},"lib/forge-std/src/StdAssertions.sol":{"lastModificationDate":1742767733503,"contentHash":"25b77f9806b64d497b8a46aeb8e5f6f0","sourceName":"lib/forge-std/src/StdAssertions.sol","imports":["lib/forge-std/src/Vm.sol"],"versionRequirement":">=0.6.2, <0.9.0","artifacts":{"StdAssertions":{"0.8.28":{"default":{"path":"StdAssertions.sol\\StdAssertions.json","build_id":"e0136c438dc62aa8ff691f197565f9d6"}}}},"seenByCompiler":true},"lib/forge-std/src/StdChains.sol":{"lastModificationDate":1742767733503,"contentHash":"66948cf054cccf8b05793a59bd258451","sourceName":"lib/forge-std/src/StdChains.sol","imports":["lib/forge-std/src/Vm.sol"],"versionRequirement":">=0.6.2, <0.9.0","artifacts":{"StdChains":{"0.8.28":{"default":{"path":"StdChains.sol\\StdChains.json","build_id":"e0136c438dc62aa8ff691f197565f9d6"}}}},"seenByCompiler":true},"lib/forge-std/src/StdCheats.sol":{"lastModificationDate":1742767733503,"contentHash":"88408106c41697153142f6a6eeb06728","sourceName":"lib/forge-std/src/StdCheats.sol","imports":["lib/forge-std/src/StdStorage.sol","lib/forge-std/src/Vm.sol","lib/forge-std/src/console.sol","lib/forge-std/src/console2.sol"],"versionRequirement":">=0.6.2, <0.9.0","artifacts":{"StdCheats":{"0.8.28":{"default":{"path":"StdCheats.sol\\StdCheats.json","build_id":"e0136c438dc62aa8ff691f197565f9d6"}}},"StdCheatsSafe":{"0.8.28":{"default":{"path":"StdCheats.sol\\StdCheatsSafe.json","build_id":"e0136c438dc62aa8ff691f197565f9d6"}}}},"seenByCompiler":true},"lib/forge-std/src/StdError.sol":{"lastModificationDate":1742767733503,"contentHash":"64c896e1276a291776e5ea5aecb3870a","sourceName":"lib/forge-std/src/StdError.sol","imports":[],"versionRequirement":">=0.6.2, <0.9.0","artifacts":{"stdError":{"0.8.28":{"default":{"path":"StdError.sol\\stdError.json","build_id":"e0136c438dc62aa8ff691f197565f9d6"}}}},"seenByCompiler":true},"lib/forge-std/src/StdInvariant.sol":{"lastModificationDate":1742767733503,"contentHash":"f16837d0e7cb829544ae1f1319ea7643","sourceName":"lib/forge-std/src/StdInvariant.sol","imports":[],"versionRequirement":">=0.6.2, <0.9.0","artifacts":{"StdInvariant":{"0.8.28":{"default":{"path":"StdInvariant.sol\\StdInvariant.json","build_id":"e0136c438dc62aa8ff691f197565f9d6"}}}},"seenByCompiler":true},"lib/forge-std/src/StdJson.sol":{"lastModificationDate":1742767733503,"contentHash":"02209da5708eaee03e24a9c24a687370","sourceName":"lib/forge-std/src/StdJson.sol","imports":["lib/forge-std/src/Vm.sol"],"versionRequirement":">=0.6.0, <0.9.0","artifacts":{"stdJson":{"0.8.28":{"default":{"path":"StdJson.sol\\stdJson.json","build_id":"e0136c438dc62aa8ff691f197565f9d6"}}}},"seenByCompiler":true},"lib/forge-std/src/StdMath.sol":{"lastModificationDate":1742767733503,"contentHash":"9da8f453eba6bb98f3d75bc6822bfb29","sourceName":"lib/forge-std/src/StdMath.sol","imports":[],"versionRequirement":">=0.6.2, <0.9.0","artifacts":{"stdMath":{"0.8.28":{"default":{"path":"StdMath.sol\\stdMath.json","build_id":"e0136c438dc62aa8ff691f197565f9d6"}}}},"seenByCompiler":true},"lib/forge-std/src/StdStorage.sol":{"lastModificationDate":1742767733503,"contentHash":"ce68f6e336944f16d31351a47d0b19b8","sourceName":"lib/forge-std/src/StdStorage.sol","imports":["lib/forge-std/src/Vm.sol"],"versionRequirement":">=0.6.2, <0.9.0","artifacts":{"stdStorage":{"0.8.28":{"default":{"path":"StdStorage.sol\\stdStorage.json","build_id":"e0136c438dc62aa8ff691f197565f9d6"}}},"stdStorageSafe":{"0.8.28":{"default":{"path":"StdStorage.sol\\stdStorageSafe.json","build_id":"e0136c438dc62aa8ff691f197565f9d6"}}}},"seenByCompiler":true},"lib/forge-std/src/StdStyle.sol":{"lastModificationDate":1742767733503,"contentHash":"6281165a12aa639705c691fccefd855e","sourceName":"lib/forge-std/src/StdStyle.sol","imports":["lib/forge-std/src/Vm.sol"],"versionRequirement":">=0.4.22, <0.9.0","artifacts":{"StdStyle":{"0.8.28":{"default":{"path":"StdStyle.sol\\StdStyle.json","build_id":"e0136c438dc62aa8ff691f197565f9d6"}}}},"seenByCompiler":true},"lib/forge-std/src/StdToml.sol":{"lastModificationDate":1742767733503,"contentHash":"4bce85a4c60f2c073e651ee8140bcb4d","sourceName":"lib/forge-std/src/StdToml.sol","imports":["lib/forge-std/src/Vm.sol"],"versionRequirement":">=0.6.0, <0.9.0","artifacts":{"stdToml":{"0.8.28":{"default":{"path":"StdToml.sol\\stdToml.json","build_id":"e0136c438dc62aa8ff691f197565f9d6"}}}},"seenByCompiler":true},"lib/forge-std/src/StdUtils.sol":{"lastModificationDate":1742767733503,"contentHash":"4c104fcdec12d3b28348ff9e32c1e4eb","sourceName":"lib/forge-std/src/StdUtils.sol","imports":["lib/forge-std/src/Vm.sol","lib/forge-std/src/interfaces/IMulticall3.sol"],"versionRequirement":">=0.6.2, <0.9.0","artifacts":{"StdUtils":{"0.8.28":{"default":{"path":"StdUtils.sol\\StdUtils.json","build_id":"e0136c438dc62aa8ff691f197565f9d6"}}}},"seenByCompiler":true},"lib/forge-std/src/Test.sol":{"lastModificationDate":1742767733503,"contentHash":"b6f15605355fc8c421fe42a90f94bf32","sourceName":"lib/forge-std/src/Test.sol","imports":["lib/forge-std/src/Base.sol","lib/forge-std/src/StdAssertions.sol","lib/forge-std/src/StdChains.sol","lib/forge-std/src/StdCheats.sol","lib/forge-std/src/StdError.sol","lib/forge-std/src/StdInvariant.sol","lib/forge-std/src/StdJson.sol","lib/forge-std/src/StdMath.sol","lib/forge-std/src/StdStorage.sol","lib/forge-std/src/StdStyle.sol","lib/forge-std/src/StdToml.sol","lib/forge-std/src/StdUtils.sol","lib/forge-std/src/Vm.sol","lib/forge-std/src/console.sol","lib/forge-std/src/console2.sol","lib/forge-std/src/interfaces/IMulticall3.sol","lib/forge-std/src/safeconsole.sol"],"versionRequirement":">=0.6.2, <0.9.0","artifacts":{"Test":{"0.8.28":{"default":{"path":"Test.sol\\Test.json","build_id":"e0136c438dc62aa8ff691f197565f9d6"}}}},"seenByCompiler":true},"lib/forge-std/src/Vm.sol":{"lastModificationDate":1742767733503,"contentHash":"96e14164f19bc51b0aff863087896678","sourceName":"lib/forge-std/src/Vm.sol","imports":[],"versionRequirement":">=0.6.2, <0.9.0","artifacts":{"Vm":{"0.8.28":{"default":{"path":"Vm.sol\\Vm.json","build_id":"e0136c438dc62aa8ff691f197565f9d6"}}},"VmSafe":{"0.8.28":{"default":{"path":"Vm.sol\\VmSafe.json","build_id":"e0136c438dc62aa8ff691f197565f9d6"}}}},"seenByCompiler":true},"lib/forge-std/src/console.sol":{"lastModificationDate":1742767733503,"contentHash":"ce19a9e49945b42118379ff99d853c05","sourceName":"lib/forge-std/src/console.sol","imports":[],"versionRequirement":">=0.4.22, <0.9.0","artifacts":{"console":{"0.8.28":{"default":{"path":"console.sol\\console.json","build_id":"e0136c438dc62aa8ff691f197565f9d6"}}}},"seenByCompiler":true},"lib/forge-std/src/console2.sol":{"lastModificationDate":1742767733503,"contentHash":"f65ad21034b111e70fb5342d5771efcd","sourceName":"lib/forge-std/src/console2.sol","imports":["lib/forge-std/src/console.sol"],"versionRequirement":">=0.4.22, <0.9.0","artifacts":{},"seenByCompiler":true},"lib/forge-std/src/interfaces/IMulticall3.sol":{"lastModificationDate":1742767733503,"contentHash":"7b131ca1ca32ef6378b7b9ad5488b901","sourceName":"lib/forge-std/src/interfaces/IMulticall3.sol","imports":[],"versionRequirement":">=0.6.2, <0.9.0","artifacts":{"IMulticall3":{"0.8.28":{"default":{"path":"IMulticall3.sol\\IMulticall3.json","build_id":"e0136c438dc62aa8ff691f197565f9d6"}}}},"seenByCompiler":true},"lib/forge-std/src/safeconsole.sol":{"lastModificationDate":1742767733503,"contentHash":"1445aa2f47000e212173e0cefd6c7a77","sourceName":"lib/forge-std/src/safeconsole.sol","imports":[],"versionRequirement":">=0.6.2, <0.9.0","artifacts":{"safeconsole":{"0.8.28":{"default":{"path":"safeconsole.sol\\safeconsole.json","build_id":"e0136c438dc62aa8ff691f197565f9d6"}}}},"seenByCompiler":true},"src/contracts/UniswapV2ERC20.sol":{"lastModificationDate":1742767689999,"contentHash":"df7f21aed29e38833ea21a470f750000","sourceName":"src/contracts/UniswapV2ERC20.sol","imports":["src\\interfaces\\IUniswapV2ERC20.sol"],"versionRequirement":"^0.8.28","artifacts":{"UniswapV2ERC20":{"0.8.28":{"default":{"path":"UniswapV2ERC20.sol\\UniswapV2ERC20.json","build_id":"e0136c438dc62aa8ff691f197565f9d6"}}}},"seenByCompiler":true},"src/contracts/UniswapV2Factory.sol":{"lastModificationDate":1742767689999,"contentHash":"7456497a70d507249c731c6ff773b25e","sourceName":"src/contracts/UniswapV2Factory.sol","imports":["src\\contracts\\UniswapV2ERC20.sol","src\\contracts\\UniswapV2Pair.sol","src\\interfaces\\IERC20.sol","src\\interfaces\\IUniswapV2Callee.sol","src\\interfaces\\IUniswapV2ERC20.sol","src\\interfaces\\IUniswapV2Factory.sol","src\\interfaces\\IUniswapV2Pair.sol","src\\libraries\\Math.sol","src\\libraries\\UQ112x112.sol"],"versionRequirement":"^0.8.28","artifacts":{"UniswapV2Factory":{"0.8.28":{"default":{"path":"UniswapV2Factory.sol\\UniswapV2Factory.json","build_id":"e0136c438dc62aa8ff691f197565f9d6"}}}},"seenByCompiler":true},"src/contracts/UniswapV2Pair.sol":{"lastModificationDate":1742767689999,"contentHash":"344f5dfe162b2e2c9ad8e7ec0a4e40d8","sourceName":"src/contracts/UniswapV2Pair.sol","imports":["src\\contracts\\UniswapV2ERC20.sol","src\\interfaces\\IERC20.sol","src\\interfaces\\IUniswapV2Callee.sol","src\\interfaces\\IUniswapV2ERC20.sol","src\\interfaces\\IUniswapV2Factory.sol","src\\interfaces\\IUniswapV2Pair.sol","src\\libraries\\Math.sol","src\\libraries\\UQ112x112.sol"],"versionRequirement":"^0.8.28","artifacts":{"UniswapV2Pair":{"0.8.28":{"default":{"path":"UniswapV2Pair.sol\\UniswapV2Pair.json","build_id":"e0136c438dc62aa8ff691f197565f9d6"}}}},"seenByCompiler":true},"src/contracts/UniswapV2Router02.sol":{"lastModificationDate":1742767689999,"contentHash":"20d894b4a30fce9102561da87834ce7d","sourceName":"src/contracts/UniswapV2Router02.sol","imports":["src\\interfaces\\IERC20.sol","src\\interfaces\\IUniswapV2ERC20.sol","src\\interfaces\\IUniswapV2Factory.sol","src\\interfaces\\IUniswapV2Pair.sol","src\\interfaces\\IUniswapV2Router02.sol","src\\interfaces\\IWETH.sol","src\\libraries\\Math.sol","src\\libraries\\TransferHelper.sol","src\\libraries\\UniswapV2Library.sol"],"versionRequirement":"^0.8.28","artifacts":{"UniswapV2Router02":{"0.8.28":{"default":{"path":"UniswapV2Router02.sol\\UniswapV2Router02.json","build_id":"e0136c438dc62aa8ff691f197565f9d6"}}}},"seenByCompiler":true},"src/interfaces/IERC20.sol":{"lastModificationDate":1742767689999,"contentHash":"8f174d7713b4d7f5f5bb445bc45680db","sourceName":"src/interfaces/IERC20.sol","imports":[],"versionRequirement":"^0.8.28","artifacts":{"IERC20":{"0.8.28":{"default":{"path":"IERC20.sol\\IERC20.json","build_id":"e0136c438dc62aa8ff691f197565f9d6"}}}},"seenByCompiler":true},"src/interfaces/IUniswapV2Callee.sol":{"lastModificationDate":1742767689999,"contentHash":"64918c7ceba0d60864853374aa379f25","sourceName":"src/interfaces/IUniswapV2Callee.sol","imports":[],"versionRequirement":"^0.8.28","artifacts":{"IUniswapV2Callee":{"0.8.28":{"default":{"path":"IUniswapV2Callee.sol\\IUniswapV2Callee.json","build_id":"e0136c438dc62aa8ff691f197565f9d6"}}}},"seenByCompiler":true},"src/interfaces/IUniswapV2ERC20.sol":{"lastModificationDate":1742767689999,"contentHash":"159a0153512c4595394fcb0e46d549bd","sourceName":"src/interfaces/IUniswapV2ERC20.sol","imports":[],"versionRequirement":"^0.8.28","artifacts":{"IUniswapV2ERC20":{"0.8.28":{"default":{"path":"IUniswapV2ERC20.sol\\IUniswapV2ERC20.json","build_id":"e0136c438dc62aa8ff691f197565f9d6"}}}},"seenByCompiler":true},"src/interfaces/IUniswapV2Factory.sol":{"lastModificationDate":1742767689999,"contentHash":"6d42dbb14e2293e27555454983071d10","sourceName":"src/interfaces/IUniswapV2Factory.sol","imports":[],"versionRequirement":"^0.8.28","artifacts":{"IUniswapV2Factory":{"0.8.28":{"default":{"path":"IUniswapV2Factory.sol\\IUniswapV2Factory.json","build_id":"e0136c438dc62aa8ff691f197565f9d6"}}}},"seenByCompiler":true},"src/interfaces/IUniswapV2Pair.sol":{"lastModificationDate":1742767689999,"contentHash":"941f9c2b013df1746a83d199de724e30","sourceName":"src/interfaces/IUniswapV2Pair.sol","imports":["src\\interfaces\\IUniswapV2ERC20.sol"],"versionRequirement":"^0.8.28","artifacts":{"IUniswapV2Pair":{"0.8.28":{"default":{"path":"IUniswapV2Pair.sol\\IUniswapV2Pair.json","build_id":"e0136c438dc62aa8ff691f197565f9d6"}}}},"seenByCompiler":true},"src/interfaces/IUniswapV2Router02.sol":{"lastModificationDate":1742767689999,"contentHash":"80f18ac954db59cd1c3b549163a15b59","sourceName":"src/interfaces/IUniswapV2Router02.sol","imports":[],"versionRequirement":"^0.8.28","artifacts":{"IUniswapV2Router02":{"0.8.28":{"default":{"path":"IUniswapV2Router02.sol\\IUniswapV2Router02.json","build_id":"e0136c438dc62aa8ff691f197565f9d6"}}}},"seenByCompiler":true},"src/interfaces/IWETH.sol":{"lastModificationDate":1742767689999,"contentHash":"bf72d7c8e3ae7226a2b0da8ee16223a6","sourceName":"src/interfaces/IWETH.sol","imports":[],"versionRequirement":"^0.8.28","artifacts":{"IWETH":{"0.8.28":{"default":{"path":"IWETH.sol\\IWETH.json","build_id":"e0136c438dc62aa8ff691f197565f9d6"}}}},"seenByCompiler":true},"src/libraries/Math.sol":{"lastModificationDate":1742767689999,"contentHash":"d307862f25a751fb76936532dae36638","sourceName":"src/libraries/Math.sol","imports":[],"versionRequirement":"^0.8.28","artifacts":{"Math":{"0.8.28":{"default":{"path":"Math.sol\\Math.json","build_id":"e0136c438dc62aa8ff691f197565f9d6"}}}},"seenByCompiler":true},"src/libraries/TransferHelper.sol":{"lastModificationDate":1742767689999,"contentHash":"72d3faada5380ce88050a1dee418d4a9","sourceName":"src/libraries/TransferHelper.sol","imports":[],"versionRequirement":"^0.8.28","artifacts":{"TransferHelper":{"0.8.28":{"default":{"path":"TransferHelper.sol\\TransferHelper.json","build_id":"e0136c438dc62aa8ff691f197565f9d6"}}}},"seenByCompiler":true},"src/libraries/UQ112x112.sol":{"lastModificationDate":1742767689999,"contentHash":"0d5d13847f16fd4bc627ed3779252520","sourceName":"src/libraries/UQ112x112.sol","imports":[],"versionRequirement":"^0.8.28","artifacts":{"UQ112x112":{"0.8.28":{"default":{"path":"UQ112x112.sol\\UQ112x112.json","build_id":"e0136c438dc62aa8ff691f197565f9d6"}}}},"seenByCompiler":true},"src/libraries/UniswapV2Library.sol":{"lastModificationDate":1742767689999,"contentHash":"978cbecfeab689e7f2359beaddfefe53","sourceName":"src/libraries/UniswapV2Library.sol","imports":["src\\interfaces\\IUniswapV2ERC20.sol","src\\interfaces\\IUniswapV2Factory.sol","src\\interfaces\\IUniswapV2Pair.sol","src\\libraries\\Math.sol"],"versionRequirement":"^0.8.28","artifacts":{"UniswapV2Library":{"0.8.28":{"default":{"path":"UniswapV2Library.sol\\UniswapV2Library.json","build_id":"e0136c438dc62aa8ff691f197565f9d6"}}}},"seenByCompiler":true},"src/tests/UniswapV2Router02/UniswapV2Router02.t.addLiquidity.sol":{"lastModificationDate":1742767689999,"contentHash":"3c32a5631b908ed58636cebbacfae27b","sourceName":"src/tests/UniswapV2Router02/UniswapV2Router02.t.addLiquidity.sol","imports":["lib/forge-std/src/Base.sol","lib/forge-std/src/StdAssertions.sol","lib/forge-std/src/StdChains.sol","lib/forge-std/src/StdCheats.sol","lib/forge-std/src/StdError.sol","lib/forge-std/src/StdInvariant.sol","lib/forge-std/src/StdJson.sol","lib/forge-std/src/StdMath.sol","lib/forge-std/src/StdStorage.sol","lib/forge-std/src/StdStyle.sol","lib/forge-std/src/StdToml.sol","lib/forge-std/src/StdUtils.sol","lib/forge-std/src/Test.sol","lib/forge-std/src/Vm.sol","lib/forge-std/src/console.sol","lib/forge-std/src/console2.sol","lib/forge-std/src/interfaces/IMulticall3.sol","lib/forge-std/src/safeconsole.sol","src\\contracts\\UniswapV2ERC20.sol","src\\contracts\\UniswapV2Factory.sol","src\\contracts\\UniswapV2Pair.sol","src\\contracts\\UniswapV2Router02.sol","src\\interfaces\\IERC20.sol","src\\interfaces\\IUniswapV2Callee.sol","src\\interfaces\\IUniswapV2ERC20.sol","src\\interfaces\\IUniswapV2Factory.sol","src\\interfaces\\IUniswapV2Pair.sol","src\\interfaces\\IUniswapV2Router02.sol","src\\interfaces\\IWETH.sol","src\\libraries\\Math.sol","src\\libraries\\TransferHelper.sol","src\\libraries\\UQ112x112.sol","src\\libraries\\UniswapV2Library.sol","src\\tests\\UniswapV2Router02\\UniswapV2Router02.t.base.sol","src\\tests\\mocks\\MockERC20.sol","src\\tests\\mocks\\MockWETH9.sol"],"versionRequirement":"^0.8.28","artifacts":{"TestUniswapV2RouterAddLiquidity":{"0.8.28":{"default":{"path":"UniswapV2Router02.t.addLiquidity.sol\\TestUniswapV2RouterAddLiquidity.json","build_id":"e0136c438dc62aa8ff691f197565f9d6"}}}},"seenByCompiler":true},"src/tests/UniswapV2Router02/UniswapV2Router02.t.addLiquidityFailing.sol":{"lastModificationDate":1742767689999,"contentHash":"541ff0639315fccc705cb9f81aea827d","sourceName":"src/tests/UniswapV2Router02/UniswapV2Router02.t.addLiquidityFailing.sol","imports":["lib/forge-std/src/Base.sol","lib/forge-std/src/StdAssertions.sol","lib/forge-std/src/StdChains.sol","lib/forge-std/src/StdCheats.sol","lib/forge-std/src/StdError.sol","lib/forge-std/src/StdInvariant.sol","lib/forge-std/src/StdJson.sol","lib/forge-std/src/StdMath.sol","lib/forge-std/src/StdStorage.sol","lib/forge-std/src/StdStyle.sol","lib/forge-std/src/StdToml.sol","lib/forge-std/src/StdUtils.sol","lib/forge-std/src/Test.sol","lib/forge-std/src/Vm.sol","lib/forge-std/src/console.sol","lib/forge-std/src/console2.sol","lib/forge-std/src/interfaces/IMulticall3.sol","lib/forge-std/src/safeconsole.sol","src\\contracts\\UniswapV2ERC20.sol","src\\contracts\\UniswapV2Factory.sol","src\\contracts\\UniswapV2Pair.sol","src\\contracts\\UniswapV2Router02.sol","src\\interfaces\\IERC20.sol","src\\interfaces\\IUniswapV2Callee.sol","src\\interfaces\\IUniswapV2ERC20.sol","src\\interfaces\\IUniswapV2Factory.sol","src\\interfaces\\IUniswapV2Pair.sol","src\\interfaces\\IUniswapV2Router02.sol","src\\interfaces\\IWETH.sol","src\\libraries\\Math.sol","src\\libraries\\TransferHelper.sol","src\\libraries\\UQ112x112.sol","src\\libraries\\UniswapV2Library.sol","src\\tests\\UniswapV2Router02\\UniswapV2Router02.t.base.sol","src\\tests\\mocks\\MockERC20.sol","src\\tests\\mocks\\MockFailingPair.sol","src\\tests\\mocks\\MockWETH9.sol"],"versionRequirement":"^0.8.28","artifacts":{"TestUniswapV2RouterAddLiquidityFailing":{"0.8.28":{"default":{"path":"UniswapV2Router02.t.addLiquidityFailing.sol\\TestUniswapV2RouterAddLiquidityFailing.json","build_id":"e0136c438dc62aa8ff691f197565f9d6"}}}},"seenByCompiler":true},"src/tests/UniswapV2Router02/UniswapV2Router02.t.base.sol":{"lastModificationDate":1742767689999,"contentHash":"833d52afe4c82fab66baefc500280578","sourceName":"src/tests/UniswapV2Router02/UniswapV2Router02.t.base.sol","imports":["lib/forge-std/src/Base.sol","lib/forge-std/src/StdAssertions.sol","lib/forge-std/src/StdChains.sol","lib/forge-std/src/StdCheats.sol","lib/forge-std/src/StdError.sol","lib/forge-std/src/StdInvariant.sol","lib/forge-std/src/StdJson.sol","lib/forge-std/src/StdMath.sol","lib/forge-std/src/StdStorage.sol","lib/forge-std/src/StdStyle.sol","lib/forge-std/src/StdToml.sol","lib/forge-std/src/StdUtils.sol","lib/forge-std/src/Test.sol","lib/forge-std/src/Vm.sol","lib/forge-std/src/console.sol","lib/forge-std/src/console2.sol","lib/forge-std/src/interfaces/IMulticall3.sol","lib/forge-std/src/safeconsole.sol","src\\contracts\\UniswapV2ERC20.sol","src\\contracts\\UniswapV2Factory.sol","src\\contracts\\UniswapV2Pair.sol","src\\contracts\\UniswapV2Router02.sol","src\\interfaces\\IERC20.sol","src\\interfaces\\IUniswapV2Callee.sol","src\\interfaces\\IUniswapV2ERC20.sol","src\\interfaces\\IUniswapV2Factory.sol","src\\interfaces\\IUniswapV2Pair.sol","src\\interfaces\\IUniswapV2Router02.sol","src\\interfaces\\IWETH.sol","src\\libraries\\Math.sol","src\\libraries\\TransferHelper.sol","src\\libraries\\UQ112x112.sol","src\\libraries\\UniswapV2Library.sol","src\\tests\\mocks\\MockERC20.sol","src\\tests\\mocks\\MockWETH9.sol"],"versionRequirement":"^0.8.28","artifacts":{"ERC20FeeOnTransfer":{"0.8.28":{"default":{"path":"UniswapV2Router02.t.base.sol\\ERC20FeeOnTransfer.json","build_id":"e0136c438dc62aa8ff691f197565f9d6"}}},"UniswapV2RouterTestBase":{"0.8.28":{"default":{"path":"UniswapV2Router02.t.base.sol\\UniswapV2RouterTestBase.json","build_id":"e0136c438dc62aa8ff691f197565f9d6"}}}},"seenByCompiler":true},"src/tests/UniswapV2Router02/UniswapV2Router02.t.feeOnTransfer.sol":{"lastModificationDate":1742767689999,"contentHash":"17c4eba40f258c1ed8c71038664554d4","sourceName":"src/tests/UniswapV2Router02/UniswapV2Router02.t.feeOnTransfer.sol","imports":["lib/forge-std/src/Base.sol","lib/forge-std/src/StdAssertions.sol","lib/forge-std/src/StdChains.sol","lib/forge-std/src/StdCheats.sol","lib/forge-std/src/StdError.sol","lib/forge-std/src/StdInvariant.sol","lib/forge-std/src/StdJson.sol","lib/forge-std/src/StdMath.sol","lib/forge-std/src/StdStorage.sol","lib/forge-std/src/StdStyle.sol","lib/forge-std/src/StdToml.sol","lib/forge-std/src/StdUtils.sol","lib/forge-std/src/Test.sol","lib/forge-std/src/Vm.sol","lib/forge-std/src/console.sol","lib/forge-std/src/console2.sol","lib/forge-std/src/interfaces/IMulticall3.sol","lib/forge-std/src/safeconsole.sol","src\\contracts\\UniswapV2ERC20.sol","src\\contracts\\UniswapV2Factory.sol","src\\contracts\\UniswapV2Pair.sol","src\\contracts\\UniswapV2Router02.sol","src\\interfaces\\IERC20.sol","src\\interfaces\\IUniswapV2Callee.sol","src\\interfaces\\IUniswapV2ERC20.sol","src\\interfaces\\IUniswapV2Factory.sol","src\\interfaces\\IUniswapV2Pair.sol","src\\interfaces\\IUniswapV2Router02.sol","src\\interfaces\\IWETH.sol","src\\libraries\\Math.sol","src\\libraries\\TransferHelper.sol","src\\libraries\\UQ112x112.sol","src\\libraries\\UniswapV2Library.sol","src\\tests\\UniswapV2Router02\\UniswapV2Router02.t.base.sol","src\\tests\\mocks\\MockERC20.sol","src\\tests\\mocks\\MockWETH9.sol"],"versionRequirement":"^0.8.28","artifacts":{"TestUniswapV2RouterFeeOnTransfer":{"0.8.28":{"default":{"path":"UniswapV2Router02.t.feeOnTransfer.sol\\TestUniswapV2RouterFeeOnTransfer.json","build_id":"e0136c438dc62aa8ff691f197565f9d6"}}}},"seenByCompiler":true},"src/tests/UniswapV2Router02/UniswapV2Router02.t.library.sol":{"lastModificationDate":1742767689999,"contentHash":"8fe4f3e895f0d869c0a6e5ac13642a60","sourceName":"src/tests/UniswapV2Router02/UniswapV2Router02.t.library.sol","imports":["lib/forge-std/src/Base.sol","lib/forge-std/src/StdAssertions.sol","lib/forge-std/src/StdChains.sol","lib/forge-std/src/StdCheats.sol","lib/forge-std/src/StdError.sol","lib/forge-std/src/StdInvariant.sol","lib/forge-std/src/StdJson.sol","lib/forge-std/src/StdMath.sol","lib/forge-std/src/StdStorage.sol","lib/forge-std/src/StdStyle.sol","lib/forge-std/src/StdToml.sol","lib/forge-std/src/StdUtils.sol","lib/forge-std/src/Test.sol","lib/forge-std/src/Vm.sol","lib/forge-std/src/console.sol","lib/forge-std/src/console2.sol","lib/forge-std/src/interfaces/IMulticall3.sol","lib/forge-std/src/safeconsole.sol","src\\contracts\\UniswapV2ERC20.sol","src\\contracts\\UniswapV2Factory.sol","src\\contracts\\UniswapV2Pair.sol","src\\contracts\\UniswapV2Router02.sol","src\\interfaces\\IERC20.sol","src\\interfaces\\IUniswapV2Callee.sol","src\\interfaces\\IUniswapV2ERC20.sol","src\\interfaces\\IUniswapV2Factory.sol","src\\interfaces\\IUniswapV2Pair.sol","src\\interfaces\\IUniswapV2Router02.sol","src\\interfaces\\IWETH.sol","src\\libraries\\Math.sol","src\\libraries\\TransferHelper.sol","src\\libraries\\UQ112x112.sol","src\\libraries\\UniswapV2Library.sol","src\\tests\\UniswapV2Router02\\UniswapV2Router02.t.base.sol","src\\tests\\mocks\\MockERC20.sol","src\\tests\\mocks\\MockWETH9.sol"],"versionRequirement":"^0.8.28","artifacts":{"TestUniswapV2RouterLibrary":{"0.8.28":{"default":{"path":"UniswapV2Router02.t.library.sol\\TestUniswapV2RouterLibrary.json","build_id":"e0136c438dc62aa8ff691f197565f9d6"}}}},"seenByCompiler":true},"src/tests/UniswapV2Router02/UniswapV2Router02.t.removeLiquidity.sol":{"lastModificationDate":1742767689999,"contentHash":"b4cb14cabccfd2bb4538e2c2b964a4e5","sourceName":"src/tests/UniswapV2Router02/UniswapV2Router02.t.removeLiquidity.sol","imports":["lib/forge-std/src/Base.sol","lib/forge-std/src/StdAssertions.sol","lib/forge-std/src/StdChains.sol","lib/forge-std/src/StdCheats.sol","lib/forge-std/src/StdError.sol","lib/forge-std/src/StdInvariant.sol","lib/forge-std/src/StdJson.sol","lib/forge-std/src/StdMath.sol","lib/forge-std/src/StdStorage.sol","lib/forge-std/src/StdStyle.sol","lib/forge-std/src/StdToml.sol","lib/forge-std/src/StdUtils.sol","lib/forge-std/src/Test.sol","lib/forge-std/src/Vm.sol","lib/forge-std/src/console.sol","lib/forge-std/src/console2.sol","lib/forge-std/src/interfaces/IMulticall3.sol","lib/forge-std/src/safeconsole.sol","src\\contracts\\UniswapV2ERC20.sol","src\\contracts\\UniswapV2Factory.sol","src\\contracts\\UniswapV2Pair.sol","src\\contracts\\UniswapV2Router02.sol","src\\interfaces\\IERC20.sol","src\\interfaces\\IUniswapV2Callee.sol","src\\interfaces\\IUniswapV2ERC20.sol","src\\interfaces\\IUniswapV2Factory.sol","src\\interfaces\\IUniswapV2Pair.sol","src\\interfaces\\IUniswapV2Router02.sol","src\\interfaces\\IWETH.sol","src\\libraries\\Math.sol","src\\libraries\\TransferHelper.sol","src\\libraries\\UQ112x112.sol","src\\libraries\\UniswapV2Library.sol","src\\tests\\UniswapV2Router02\\UniswapV2Router02.t.base.sol","src\\tests\\mocks\\MockERC20.sol","src\\tests\\mocks\\MockWETH9.sol"],"versionRequirement":"^0.8.28","artifacts":{"TestUniswapV2RouterRemoveLiquidity":{"0.8.28":{"default":{"path":"UniswapV2Router02.t.removeLiquidity.sol\\TestUniswapV2RouterRemoveLiquidity.json","build_id":"e0136c438dc62aa8ff691f197565f9d6"}}}},"seenByCompiler":true},"src/tests/UniswapV2Router02/UniswapV2Router02.t.swap.sol":{"lastModificationDate":1742767689999,"contentHash":"95e9affe565f5f7024ed623ca390ef2b","sourceName":"src/tests/UniswapV2Router02/UniswapV2Router02.t.swap.sol","imports":["lib/forge-std/src/Base.sol","lib/forge-std/src/StdAssertions.sol","lib/forge-std/src/StdChains.sol","lib/forge-std/src/StdCheats.sol","lib/forge-std/src/StdError.sol","lib/forge-std/src/StdInvariant.sol","lib/forge-std/src/StdJson.sol","lib/forge-std/src/StdMath.sol","lib/forge-std/src/StdStorage.sol","lib/forge-std/src/StdStyle.sol","lib/forge-std/src/StdToml.sol","lib/forge-std/src/StdUtils.sol","lib/forge-std/src/Test.sol","lib/forge-std/src/Vm.sol","lib/forge-std/src/console.sol","lib/forge-std/src/console2.sol","lib/forge-std/src/interfaces/IMulticall3.sol","lib/forge-std/src/safeconsole.sol","src\\contracts\\UniswapV2ERC20.sol","src\\contracts\\UniswapV2Factory.sol","src\\contracts\\UniswapV2Pair.sol","src\\contracts\\UniswapV2Router02.sol","src\\interfaces\\IERC20.sol","src\\interfaces\\IUniswapV2Callee.sol","src\\interfaces\\IUniswapV2ERC20.sol","src\\interfaces\\IUniswapV2Factory.sol","src\\interfaces\\IUniswapV2Pair.sol","src\\interfaces\\IUniswapV2Router02.sol","src\\interfaces\\IWETH.sol","src\\libraries\\Math.sol","src\\libraries\\TransferHelper.sol","src\\libraries\\UQ112x112.sol","src\\libraries\\UniswapV2Library.sol","src\\tests\\UniswapV2Router02\\UniswapV2Router02.t.base.sol","src\\tests\\mocks\\MockERC20.sol","src\\tests\\mocks\\MockWETH9.sol"],"versionRequirement":"^0.8.28","artifacts":{"TestUniswapV2RouterSwap":{"0.8.28":{"default":{"path":"UniswapV2Router02.t.swap.sol\\TestUniswapV2RouterSwap.json","build_id":"e0136c438dc62aa8ff691f197565f9d6"}}}},"seenByCompiler":true},"src/tests/UniswapV2Router02/UniswapV2Router02.t.swapEdgecases.sol":{"lastModificationDate":1742767689999,"contentHash":"1996eeeab6a8f013f66f455597592077","sourceName":"src/tests/UniswapV2Router02/UniswapV2Router02.t.swapEdgecases.sol","imports":["lib/forge-std/src/Base.sol","lib/forge-std/src/StdAssertions.sol","lib/forge-std/src/StdChains.sol","lib/forge-std/src/StdCheats.sol","lib/forge-std/src/StdError.sol","lib/forge-std/src/StdInvariant.sol","lib/forge-std/src/StdJson.sol","lib/forge-std/src/StdMath.sol","lib/forge-std/src/StdStorage.sol","lib/forge-std/src/StdStyle.sol","lib/forge-std/src/StdToml.sol","lib/forge-std/src/StdUtils.sol","lib/forge-std/src/Test.sol","lib/forge-std/src/Vm.sol","lib/forge-std/src/console.sol","lib/forge-std/src/console2.sol","lib/forge-std/src/interfaces/IMulticall3.sol","lib/forge-std/src/safeconsole.sol","src\\contracts\\UniswapV2ERC20.sol","src\\contracts\\UniswapV2Factory.sol","src\\contracts\\UniswapV2Pair.sol","src\\contracts\\UniswapV2Router02.sol","src\\interfaces\\IERC20.sol","src\\interfaces\\IUniswapV2Callee.sol","src\\interfaces\\IUniswapV2ERC20.sol","src\\interfaces\\IUniswapV2Factory.sol","src\\interfaces\\IUniswapV2Pair.sol","src\\interfaces\\IUniswapV2Router02.sol","src\\interfaces\\IWETH.sol","src\\libraries\\Math.sol","src\\libraries\\TransferHelper.sol","src\\libraries\\UQ112x112.sol","src\\libraries\\UniswapV2Library.sol","src\\tests\\UniswapV2Router02\\UniswapV2Router02.t.base.sol","src\\tests\\mocks\\MockERC20.sol","src\\tests\\mocks\\MockWETH9.sol"],"versionRequirement":"^0.8.28","artifacts":{"MockERC20WithFee":{"0.8.28":{"default":{"path":"UniswapV2Router02.t.swapEdgecases.sol\\MockERC20WithFee.json","build_id":"e0136c438dc62aa8ff691f197565f9d6"}}},"TestUniswapV2RouterSwapEdgeCases":{"0.8.28":{"default":{"path":"UniswapV2Router02.t.swapEdgecases.sol\\TestUniswapV2RouterSwapEdgeCases.json","build_id":"e0136c438dc62aa8ff691f197565f9d6"}}}},"seenByCompiler":true},"src/tests/core/UniswapV2ERC20.t.sol":{"lastModificationDate":1742767690015,"contentHash":"4dfcf69d99239c3297010ab2139685a1","sourceName":"src/tests/core/UniswapV2ERC20.t.sol","imports":["lib/forge-std/src/Base.sol","lib/forge-std/src/StdAssertions.sol","lib/forge-std/src/StdChains.sol","lib/forge-std/src/StdCheats.sol","lib/forge-std/src/StdError.sol","lib/forge-std/src/StdInvariant.sol","lib/forge-std/src/StdJson.sol","lib/forge-std/src/StdMath.sol","lib/forge-std/src/StdStorage.sol","lib/forge-std/src/StdStyle.sol","lib/forge-std/src/StdToml.sol","lib/forge-std/src/StdUtils.sol","lib/forge-std/src/Test.sol","lib/forge-std/src/Vm.sol","lib/forge-std/src/console.sol","lib/forge-std/src/console2.sol","lib/forge-std/src/interfaces/IMulticall3.sol","lib/forge-std/src/safeconsole.sol","src\\contracts\\UniswapV2ERC20.sol","src\\interfaces\\IUniswapV2ERC20.sol"],"versionRequirement":"^0.8.28","artifacts":{"UniswapV2ERC20Test":{"0.8.28":{"default":{"path":"UniswapV2ERC20.t.sol\\UniswapV2ERC20Test.json","build_id":"e0136c438dc62aa8ff691f197565f9d6"}}}},"seenByCompiler":true},"src/tests/core/UniswapV2Factory.t.sol":{"lastModificationDate":1742767690015,"contentHash":"0e89874d09ae9db0cb65ee55ce4deb89","sourceName":"src/tests/core/UniswapV2Factory.t.sol","imports":["lib/forge-std/src/Base.sol","lib/forge-std/src/StdAssertions.sol","lib/forge-std/src/StdChains.sol","lib/forge-std/src/StdCheats.sol","lib/forge-std/src/StdError.sol","lib/forge-std/src/StdInvariant.sol","lib/forge-std/src/StdJson.sol","lib/forge-std/src/StdMath.sol","lib/forge-std/src/StdStorage.sol","lib/forge-std/src/StdStyle.sol","lib/forge-std/src/StdToml.sol","lib/forge-std/src/StdUtils.sol","lib/forge-std/src/Test.sol","lib/forge-std/src/Vm.sol","lib/forge-std/src/console.sol","lib/forge-std/src/console2.sol","lib/forge-std/src/interfaces/IMulticall3.sol","lib/forge-std/src/safeconsole.sol","src\\contracts\\UniswapV2ERC20.sol","src\\contracts\\UniswapV2Factory.sol","src\\contracts\\UniswapV2Pair.sol","src\\interfaces\\IERC20.sol","src\\interfaces\\IUniswapV2Callee.sol","src\\interfaces\\IUniswapV2ERC20.sol","src\\interfaces\\IUniswapV2Factory.sol","src\\interfaces\\IUniswapV2Pair.sol","src\\libraries\\Math.sol","src\\libraries\\UQ112x112.sol"],"versionRequirement":"^0.8.28","artifacts":{"UniswapV2FactoryTest":{"0.8.28":{"default":{"path":"UniswapV2Factory.t.sol\\UniswapV2FactoryTest.json","build_id":"e0136c438dc62aa8ff691f197565f9d6"}}}},"seenByCompiler":true},"src/tests/core/UniswapV2Pair.t.sol":{"lastModificationDate":1742767690015,"contentHash":"c7d6d768d067cc67fca3895e523fc016","sourceName":"src/tests/core/UniswapV2Pair.t.sol","imports":["lib/forge-std/src/Base.sol","lib/forge-std/src/StdAssertions.sol","lib/forge-std/src/StdChains.sol","lib/forge-std/src/StdCheats.sol","lib/forge-std/src/StdError.sol","lib/forge-std/src/StdInvariant.sol","lib/forge-std/src/StdJson.sol","lib/forge-std/src/StdMath.sol","lib/forge-std/src/StdStorage.sol","lib/forge-std/src/StdStyle.sol","lib/forge-std/src/StdToml.sol","lib/forge-std/src/StdUtils.sol","lib/forge-std/src/Test.sol","lib/forge-std/src/Vm.sol","lib/forge-std/src/console.sol","lib/forge-std/src/console2.sol","lib/forge-std/src/interfaces/IMulticall3.sol","lib/forge-std/src/safeconsole.sol","src\\contracts\\UniswapV2ERC20.sol","src\\contracts\\UniswapV2Factory.sol","src\\contracts\\UniswapV2Pair.sol","src\\interfaces\\IERC20.sol","src\\interfaces\\IUniswapV2Callee.sol","src\\interfaces\\IUniswapV2ERC20.sol","src\\interfaces\\IUniswapV2Factory.sol","src\\interfaces\\IUniswapV2Pair.sol","src\\libraries\\Math.sol","src\\libraries\\UQ112x112.sol"],"versionRequirement":"^0.8.28","artifacts":{"UniswapV2PairTest":{"0.8.28":{"default":{"path":"UniswapV2Pair.t.sol\\UniswapV2PairTest.json","build_id":"e0136c438dc62aa8ff691f197565f9d6"}}}},"seenByCompiler":true},"src/tests/mocks/MockERC20.sol":{"lastModificationDate":1742767690015,"contentHash":"78d2d59b01d98ed8e583294d9d5b5ff2","sourceName":"src/tests/mocks/MockERC20.sol","imports":["lib/forge-std/src/Base.sol","lib/forge-std/src/StdAssertions.sol","lib/forge-std/src/StdChains.sol","lib/forge-std/src/StdCheats.sol","lib/forge-std/src/StdError.sol","lib/forge-std/src/StdInvariant.sol","lib/forge-std/src/StdJson.sol","lib/forge-std/src/StdMath.sol","lib/forge-std/src/StdStorage.sol","lib/forge-std/src/StdStyle.sol","lib/forge-std/src/StdToml.sol","lib/forge-std/src/StdUtils.sol","lib/forge-std/src/Test.sol","lib/forge-std/src/Vm.sol","lib/forge-std/src/console.sol","lib/forge-std/src/console2.sol","lib/forge-std/src/interfaces/IMulticall3.sol","lib/forge-std/src/safeconsole.sol"],"versionRequirement":"^0.8.28","artifacts":{"MockERC20":{"0.8.28":{"default":{"path":"MockERC20.sol\\MockERC20.json","build_id":"e0136c438dc62aa8ff691f197565f9d6"}}}},"seenByCompiler":true},"src/tests/mocks/MockFailingPair.sol":{"lastModificationDate":1742767690015,"contentHash":"21e6f3b13250b8fb709be4336bfdda78","sourceName":"src/tests/mocks/MockFailingPair.sol","imports":[],"versionRequirement":"^0.8.28","artifacts":{"MockFailingFactory":{"0.8.28":{"default":{"path":"MockFailingPair.sol\\MockFailingFactory.json","build_id":"e0136c438dc62aa8ff691f197565f9d6"}}},"MockFailingPair":{"0.8.28":{"default":{"path":"MockFailingPair.sol\\MockFailingPair.json","build_id":"e0136c438dc62aa8ff691f197565f9d6"}}}},"seenByCompiler":true},"src/tests/mocks/MockWETH9.sol":{"lastModificationDate":1742767690015,"contentHash":"3f97cef337ce130d9867412996062b5d","sourceName":"src/tests/mocks/MockWETH9.sol","imports":[],"versionRequirement":"^0.8.28","artifacts":{"MockWETH9":{"0.8.28":{"default":{"path":"MockWETH9.sol\\MockWETH9.json","build_id":"e0136c438dc62aa8ff691f197565f9d6"}}}},"seenByCompiler":true}},"builds":["e0136c438dc62aa8ff691f197565f9d6"],"profiles":{"default":{"solc":{"optimizer":{"enabled":false,"runs":200},"metadata":{"useLiteralContent":false,"bytecodeHash":"ipfs","appendCBOR":true},"outputSelection":{"*":{"*":["abi","evm.bytecode.object","evm.bytecode.sourceMap","evm.bytecode.linkReferences","evm.deployedBytecode.object","evm.deployedBytecode.sourceMap","evm.deployedBytecode.linkReferences","evm.deployedBytecode.immutableReferences","evm.methodIdentifiers","metadata"]}},"evmVersion":"cancun","viaIR":false,"libraries":{}},"vyper":{"evmVersion":"cancun","outputSelection":{"*":{"*":["abi","evm.bytecode","evm.deployedBytecode"]}}}}}}